Validation_Set,Topics,Alpha,Beta,Coherence
75% Corpus,3,0.01,0.01,0.4197096936274172
75% Corpus,3,0.01,0.31,0.3960865826210412
